4b0455,::1,GET,http://localhost/FORMATION/silex/intro/web/index_dev.php/,1501495962,,200
0bb083,::1,GET,http://localhost/FORMATION/silex/intro/web/index_dev.php/,1501496085,,200
1e6c78,::1,GET,http://localhost/FORMATION/silex/intro/web/index_dev.php/test,1501496124,,200
f4bbbe,::1,GET,http://localhost/FORMATION/silex/intro/web/index_dev.php/test,1501496597,,200
17e683,::1,GET,http://localhost/FORMATION/silex/intro/web/index_dev.php/test,1501497662,,200
948933,::1,GET,http://localhost/FORMATION/silex/intro/web/index_dev.php/test,1501497827,,200
1c6f1f,::1,GET,http://localhost/FORMATION/silex/intro/web/index_dev.php/test,1501498129,,200
934162,::1,GET,http://localhost/FORMATION/silex/intro/web/index_dev.php/twig,1501498133,,500
4f36fa,::1,GET,http://localhost/FORMATION/silex/intro/web/index_dev.php/twig,1501498402,,200
588a22,::1,GET,http://localhost/FORMATION/silex/intro/web/index_dev.php/test,1501498407,,200
c7a23a,::1,GET,http://localhost/FORMATION/silex/intro/web/index_dev.php/test,1501498441,,200
220e0b,::1,GET,http://localhost/FORMATION/silex/intro/web/index_dev.php/test,1501498469,,200
cb7059,::1,GET,http://localhost/FORMATION/silex/intro/web/index_dev.php/twig,1501498474,,200
7ba970,::1,GET,http://localhost/FORMATION/silex/intro/web/index_dev.php/twig,1501504002,,200
c3c10c,::1,GET,http://localhost/FORMATION/silex/intro/web/index_dev.php/twig,1501504668,,200
5c91a6,::1,GET,http://localhost/FORMATION/silex/intro/web/index_dev.php/twig,1501504739,,200
773be5,::1,GET,http://localhost/FORMATION/silex/intro/web/index_dev.php/twig,1501505340,,500
22ce14,::1,GET,http://localhost/FORMATION/silex/intro/web/index_dev.php/twig,1501505363,,200
4fd589,::1,GET,http://localhost/FORMATION/silex/intro/web/index_dev.php/twig,1501505748,,200
ada239,::1,GET,http://localhost/FORMATION/silex/intro/web/index_dev.php/twig,1501506101,,200
5d6872,::1,GET,http://localhost/FORMATION/silex/intro/web/index_dev.php/twig,1501506462,,200
49f483,::1,GET,http://localhost/FORMATION/silex/intro/web/index_dev.php/twig,1501506521,,200
c6fbaa,::1,GET,http://localhost/FORMATION/silex/intro/web/index_dev.php/twig,1501506704,,200
125bfe,::1,GET,http://localhost/FORMATION/silex/intro/web/index_dev.php/twig,1501506833,,200
8f8fda,::1,GET,http://localhost/FORMATION/silex/intro/web/index_dev.php/twig,1501506932,,200
3b58e7,::1,GET,http://localhost/FORMATION/silex/intro/web/index_dev.php/twig,1501507037,,200
93a0ba,::1,GET,http://localhost/FORMATION/silex/intro/web/index_dev.php/twig,1501507093,,200
b6e07f,::1,GET,http://localhost/FORMATION/silex/intro/web/index_dev.php/twig,1501507253,,200
086d85,::1,GET,http://localhost/FORMATION/silex/intro/web/index_dev.php/twig,1501507337,,200
4153b1,::1,GET,http://localhost/FORMATION/silex/intro/web/index_dev.php/twig,1501507569,,500
214cb3,::1,GET,http://localhost/FORMATION/silex/intro/web/index_dev.php/twig,1501507580,,500
1443f3,::1,GET,http://localhost/FORMATION/silex/intro/web/index_dev.php/twig,1501507592,,500
41bc79,::1,GET,http://localhost/FORMATION/silex/intro/web/index_dev.php/twig,1501507619,,500
5d7496,::1,GET,http://localhost/FORMATION/silex/intro/web/index_dev.php/twig,1501507636,,500
669eaa,::1,GET,http://localhost/FORMATION/silex/intro/web/index_dev.php/twig,1501507645,,500
963ae7,::1,GET,http://localhost/FORMATION/silex/intro/web/index_dev.php/twig,1501507657,,200
1aab50,::1,GET,http://localhost/FORMATION/silex/intro/web/index_dev.php/twig,1501507708,,200
b4c4ec,::1,GET,http://localhost/FORMATION/silex/intro/web/index_dev.php/twig,1501507736,,500
cfd76e,::1,GET,http://localhost/FORMATION/silex/intro/web/index_dev.php/twig,1501507759,,200
7272b6,::1,GET,http://localhost/FORMATION/silex/intro/web/index_dev.php/twig,1501507848,,500
979cf7,::1,GET,http://localhost/FORMATION/silex/intro/web/index_dev.php/twig,1501507895,,500
c8a5f5,::1,GET,http://localhost/FORMATION/silex/intro/web/index_dev.php/twig,1501507905,,500
c2c5ef,::1,GET,http://localhost/FORMATION/silex/intro/web/index_dev.php/twig,1501507951,,200
e6c32b,::1,GET,http://localhost/FORMATION/silex/intro/web/index_dev.php/twig,1501507977,,500
744e56,::1,GET,http://localhost/FORMATION/silex/intro/web/index_dev.php/twig,1501507996,,200
7f0300,::1,GET,http://localhost/FORMATION/silex/intro/web/index_dev.php/twig,1501508025,,500
76c957,::1,GET,http://localhost/FORMATION/silex/intro/web/index_dev.php/twig,1501508069,,200
43dac9,::1,GET,http://localhost/FORMATION/silex/intro/web/index_dev.php/twig,1501510824,,200
1663c3,::1,GET,http://localhost/FORMATION/silex/intro/web/index_dev.php/twig,1501511583,,200
ee225b,::1,GET,http://localhost/FORMATION/silex/intro/web/index_dev.php/twig,1501511995,,200
17f06b,::1,GET,http://localhost/FORMATION/silex/intro/web/index_dev.php/helloWorld,1501512008,,500
98e9e4,::1,GET,http://localhost/FORMATION/silex/intro/web/index_dev.php/helloworld,1501512016,,404
625f82,::1,GET,http://localhost/FORMATION/silex/intro/web/index_dev.php/helloWorld,1501512109,,500
7053f3,::1,GET,http://localhost/FORMATION/silex/intro/web/index_dev.php/helloWorld,1501512132,,500
ce4d24,::1,GET,http://localhost/FORMATION/silex/intro/web/index_dev.php/helloWorld,1501512179,,500
565ea6,::1,GET,http://localhost/FORMATION/silex/intro/web/index_dev.php/helloWorld,1501512329,,500
d7a824,::1,GET,http://localhost/FORMATION/silex/intro/web/index_dev.php/helloWorld,1501512337,,500
62d63d,::1,GET,http://localhost/FORMATION/silex/intro/web/index_dev.php/helloWorld,1501512400,,500
ef05b7,::1,GET,http://localhost/FORMATION/silex/intro/web/index_dev.php/helloWorld,1501512443,,200
6075b8,::1,GET,http://localhost/FORMATION/silex/intro/web/index_dev.php/helloWorld,1501512556,,200
7ae74c,::1,GET,http://localhost/FORMATION/silex/intro/web/index_dev.php/test,1501512561,,200
8752c0,::1,GET,http://localhost/FORMATION/silex/intro/web/index_dev.php/twig,1501512571,,200
b3b170,::1,GET,http://localhost/FORMATION/silex/intro/web/index_dev.php/twig,1501513559,,200
71b4e8,::1,GET,http://localhost/FORMATION/silex/intro/web/index_dev.php/twig,1501513702,,200
aa72d0,::1,GET,http://localhost/FORMATION/silex/intro/web/index_dev.php/helloWorld,1501513709,,200
619667,::1,GET,http://localhost/FORMATION/silex/intro/web/index_dev.php/helloWorld,1501513746,,200
e9687e,::1,GET,http://localhost/FORMATION/silex/intro/web/index_dev.php/helloWorld,1501513783,,200
5f5f6f,::1,GET,http://localhost/FORMATION/silex/intro/web/index_dev.php/hello,1501513785,,404
69deff,::1,GET,http://localhost/FORMATION/silex/intro/web/index_dev.php/helloWorld,1501513826,,200
820524,::1,GET,http://localhost/FORMATION/silex/intro/web/index_dev.php/hello/Tristan,1501513833,,200
8f1db1,::1,GET,http://localhost/FORMATION/silex/intro/web/index_dev.php/hello/Tristan,1501513932,,200
94d31a,::1,GET,http://localhost/FORMATION/silex/intro/web/index_dev.php/helloWorld,1501513936,,200
f1670a,::1,GET,http://localhost/FORMATION/silex/intro/web/index_dev.php/twig,1501513943,,200
963bc2,::1,GET,http://localhost/FORMATION/silex/intro/web/index_dev.php/test,1501513947,,200
ccd8aa,::1,GET,http://localhost/FORMATION/silex/intro/web/index_dev.php/hello/Tristan,1501513955,,200
c2a884,::1,GET,http://localhost/FORMATION/silex/intro/web/index_dev.php/hello/Tristan,1501514153,,200
9201a0,::1,GET,http://localhost/FORMATION/silex/intro/web/index_dev.php/hello/Trist,1501514157,,200
23d6f9,::1,GET,http://localhost/FORMATION/silex/intro/web/index_dev.php/hello/Trist,1501514583,,200
046a19,::1,GET,http://localhost/FORMATION/silex/intro/web/index_dev.php/helloWorld,1501514585,,200
9582e2,::1,GET,http://localhost/FORMATION/silex/intro/web/index_dev.php/helloWorld,1501514802,,200
c7bf88,::1,GET,http://localhost/FORMATION/silex/intro/web/index_dev.php/hello/Tristan,1501514804,,200
cbe3ed,::1,GET,http://localhost/FORMATION/silex/intro/web/index_dev.php/helloWorld,1501514805,,200
025d44,::1,GET,http://localhost/FORMATION/silex/intro/web/index_dev.php/hello/Tristan,1501514805,,200
e59a70,::1,GET,http://localhost/FORMATION/silex/intro/web/index_dev.php/helloWorld,1501514806,,200
87bcaa,::1,GET,http://localhost/FORMATION/silex/intro/web/index_dev.php/helloWorld,1501514806,,200
b3dba2,::1,GET,http://localhost/FORMATION/silex/intro/web/index_dev.php/helloWorld,1501514806,,200
d3c4f2,::1,GET,http://localhost/FORMATION/silex/intro/web/index_dev.php/helloWorld,1501514806,,200
22a0bd,::1,GET,http://localhost/FORMATION/silex/intro/web/index_dev.php/helloWorld,1501514806,,200
71a8d9,::1,GET,http://localhost/FORMATION/silex/intro/web/index_dev.php/helloWorld,1501514806,,200
8fc01a,::1,GET,http://localhost/FORMATION/silex/intro/web/index_dev.php/helloWorld,1501514806,,200
